event,event_label,event_date,status,selected_source,selected_title,selected_url,selected_ranking_score,candidate_count,search_endpoint,query_used,unique_threads
amd12_product_service_launch_missing_date,2 risks amd investors should nt ignore | Product/Service.Launch,,collected,x,,,,43,search/all,"""2 risks amd investors should nt ignore"" OR ""Product/Service.Launch"" -is:retweet lang:en",43
amzn11_salesvolume_increase_salesvolume_missing_date,22 million amazon echo smart speakers to be sold in 2017 drivi | SalesVolume.Increase_SalesVolume,,no_results,x,,,,0,search/all,"""22 million amazon echo smart speakers to be"" OR ""SalesVolume.Increase SalesVolume"" -is:retweet lang:en",0
amzn04_revenue_increase_revenue_missing_date,3 reasons amazon is nt done growing yet | Revenue.Increase_Revenue,,collected,x,,,,9,search/all,"""3 reasons amazon is nt done growing yet"" OR ""Revenue.Increase Revenue"" -is:retweet lang:en",9
amzn02_salesvolume_increase_salesvolume_missing_date,3 reasons why amazon is scary to netflix | SalesVolume.Increase_SalesVolume,,no_results,x,,,,0,search/all,"""3 reasons why amazon is scary to netflix"" OR ""SalesVolume.Increase SalesVolume"" -is:retweet lang:en",0
aal01_facility_open_missing_date,900m investment at phl to bring new traffic control tower re | Facility.Open,,collected,x,,,,50,search/all,"""900m investment at phl to bring new traffic"" OR ""Facility.Open"" -is:retweet lang:en",50
fb02_product_service_launch_missing_date,a look at facebook s fastest growing market | Product/Service.Launch,,collected,x,,,,35,search/all,"""a look at facebook s fastest growing market"" OR ""Product/Service.Launch"" -is:retweet lang:en",35
wmt01_securityvalue_decrease_securityvalue_missing_date,a look at walmart s valuation after fiscal 1q18 results | SecurityValue.Decrease_SecurityValue,,no_results,x,,,,0,search/all,"""a look at walmart s valuation after fiscal"" OR ""SecurityValue.Decrease SecurityValue"" -is:retweet lang:en",0
ge02_securityvalue_decrease_securityvalue_missing_date,a simple ge trade for long suffering investors | SecurityValue.Decrease_SecurityValue,,no_results,x,,,,0,search/all,"""a simple ge trade for long suffering investors"" OR ""SecurityValue.Decrease SecurityValue"" -is:retweet lang:en",0
abbv00_product_service_trial_missing_date,abbvie demonstrates leadership in gastroenterology and hepatolog | Product/Service.Trial,,collected,x,,,,1,search/all,"""abbvie demonstrates leadership in gastroenterology and hepatolog"" OR ""Product/Service.Trial"" -is:retweet lang:en",1
abbv07_rating_buyoutperform_missing_date,abbvie has the most valuable late stage pipeline but is its s | Rating.BuyOutperform,,collected,x,,,,5,search/all,"""abbvie has the most valuable late stage pipeline"" OR ""Rating.BuyOutperform"" -is:retweet lang:en",5
abbv05_legal_conviction_settlement_missing_date,abbvie ordered by jury to pay 15 million to depakote victim | Legal.Conviction/Settlement,,collected,x,,,,25,search/all,"""abbvie ordered by jury to pay 15 million"" OR ""Legal.Conviction/Settlement"" -is:retweet lang:en",25
abbv11_product_service_trial_missing_date,abbvie overpromises | Product/Service.Trial,,collected,x,,,,1,search/all,"""abbvie overpromises"" OR ""Product/Service.Trial"" -is:retweet lang:en",1
abbv09_securityvalue_increase_securityvalue_missing_date,abbvie scores 2 wins 1 threatens regeneron | SecurityValue.Increase_SecurityValue,,collected,x,,,,4,search/all,"""abbvie scores 2 wins 1 threatens regeneron"" OR ""SecurityValue.Increase SecurityValue"" -is:retweet lang:en",4
abbv08_rating_pricetarget_missing_date,abbvie shares surge 2 on q2 profit revenue beats | Rating.PriceTarget,,collected,x,,,,31,search/all,"""abbvie shares surge 2 on q2 profit revenue"" OR ""Rating.PriceTarget"" -is:retweet lang:en",31
abbv06_profit_loss_increase_profit_loss_missing_date,abbvie stock just hit a 52 week high here s why it should go | Profit/Loss.Increase_Profit/Loss,,no_results,x,,,,0,search/all,"""abbvie stock just hit a 52 week high"" OR ""Profit/Loss.Increase Profit/Loss"" -is:retweet lang:en",0
abbv10_securityvalue_increase_securityvalue_missing_date,abbvie you re upgrading it now | SecurityValue.Increase_SecurityValue,,collected,x,,,,5,search/all,"""abbvie you re upgrading it now"" OR ""SecurityValue.Increase SecurityValue"" -is:retweet lang:en",5
amd13_rating_sellunderperform_missing_date,advanced micro sell says morgan stanley expectations too h | Rating.SellUnderperform,,collected,x,,,,6,search/all,"""advanced micro sell says morgan stanley expectations too"" OR ""Rating.SellUnderperform"" -is:retweet lang:en",6
aal08_product_service_launch_missing_date,airberlin goes bankrupt soon after announcing major chicago expa | Product/Service.Launch,,collected,x,,,,50,search/all,"""airberlin goes bankrupt soon after announcing major chicago"" OR ""Product/Service.Launch"" -is:retweet lang:en",50
ba11_securityvalue_increase_securityvalue_missing_date,airbus drops this bomb on boeing at the dubai airshow | SecurityValue.Increase_SecurityValue,,no_results,x,,,,0,search/all,"""airbus drops this bomb on boeing at the"" OR ""SecurityValue.Increase SecurityValue"" -is:retweet lang:en",0
ba06_salesvolume_increase_salesvolume_missing_date,aircraft leasing firms lift boeing s dreamliner higher at the p | SalesVolume.Increase_SalesVolume,,collected,x,,,,5,search/all,"""aircraft leasing firms lift boeing s dreamliner higher"" OR ""SalesVolume.Increase SalesVolume"" -is:retweet lang:en",5
aal12_profit_loss_decrease_profit_loss_missing_date,airlines have a cost problem lrb and it s not 12 snack boxe | Profit/Loss.Decrease_Profit/Loss,,no_results,x,,,,0,search/all,"""airlines have a cost problem lrb and it"" OR ""Profit/Loss.Decrease Profit/Loss"" -is:retweet lang:en",0
goog07_securityvalue_decrease_securityvalue_missing_date,alphabet s dive continues after a weak earnings report | SecurityValue.Decrease_SecurityValue,,collected,x,,,,1,search/all,"""alphabet s dive continues after a weak earnings"" OR ""SecurityValue.Decrease SecurityValue"" -is:retweet lang:en",1
goog05_product_service_launch_missing_date,alphabet s nest brings smart devices to australian homes | Product/Service.Launch,,collected,x,,,,40,search/all,"""alphabet s nest brings smart devices to australian"" OR ""Product/Service.Launch"" -is:retweet lang:en",40
goog01_product_service_trial_missing_date,alphabet s waymo adds semi trucks to its driverless vehicle por | Product/Service.Trial,,collected,x,,,,1,search/all,"""alphabet s waymo adds semi trucks to its"" OR ""Product/Service.Trial"" -is:retweet lang:en",1
amzn09_product_service_missing_date,amazon and whole foods are dropping prices this will change gr | Product/Service,,collected,x,,,,50,search/all,"""amazon and whole foods are dropping prices this"" OR ""Product/Service"" -is:retweet lang:en",45
amzn05_facility_open_missing_date,amazon expects to hire at least 1000 at its new troutdale facil | Facility.Open,,collected,x,,,,50,search/all,"""amazon expects to hire at least 1000 at"" OR ""Facility.Open"" -is:retweet lang:en",50
amzn14_salesvolume_increase_salesvolume_missing_date,amazon sold more echo dots than any other item over the holidays | SalesVolume.Increase_SalesVolume,,no_results,x,,,,0,search/all,"""amazon sold more echo dots than any other"" OR ""SalesVolume.Increase SalesVolume"" -is:retweet lang:en",0
amzn06_facility_open_missing_date,amazon to buy whole foods for 137 billion | Facility.Open,,collected,x,,,,50,search/all,"""amazon to buy whole foods for 137 billion"" OR ""Facility.Open"" -is:retweet lang:en",50
amzn03_securityvalue_increase_securityvalue_missing_date,amazon will be a top 5 grocer in the us with whole foods a | SecurityValue.Increase_SecurityValue,,no_results,x,,,,0,search/all,"""amazon will be a top 5 grocer in"" OR ""SecurityValue.Increase SecurityValue"" -is:retweet lang:en",0
amzn07_product_service_launch_missing_date,amazoncom just crushed department store stocks again with prime | Product/Service.Launch,,collected,x,,,,50,search/all,"""amazoncom just crushed department store stocks again with"" OR ""Product/Service.Launch"" -is:retweet lang:en",50
amd14_securityvalue_decrease_securityvalue_missing_date,amd nvidia stocks fall after analyst warns cryptocurrency mark | SecurityValue.Decrease_SecurityValue,,no_results,x,,,,0,search/all,"""amd nvidia stocks fall after analyst warns cryptocurrency"" OR ""SecurityValue.Decrease SecurityValue"" -is:retweet lang:en",0
amd10_product_service_launch_missing_date,amd radeon vega gets company back into high value gpu markets an | Product/Service.Launch,,collected,x,,,,43,search/all,"""amd radeon vega gets company back into high"" OR ""Product/Service.Launch"" -is:retweet lang:en",43
amd07_securityvalue_increase_securityvalue_missing_date,amd reveals epyc details intel vows to top it | SecurityValue.Increase_SecurityValue,,collected,x,,,,18,search/all,"""amd reveals epyc details intel vows to top"" OR ""SecurityValue.Increase SecurityValue"" -is:retweet lang:en",18
amd02_profit_loss_increase_profit_loss_missing_date,amd s financial analyst day 2017 on the cusp of greatness aga | Profit/Loss.Increase_Profit/Loss,,no_results,x,,,,0,search/all,"""amd s financial analyst day 2017 on the"" OR ""Profit/Loss.Increase Profit/Loss"" -is:retweet lang:en",0
amd03_securityvalue_decrease_securityvalue_missing_date,amd s stock slumps after ceo pooh poohed speculation of intel l | SecurityValue.Decrease_SecurityValue,,collected,x,,,,19,search/all,"""amd s stock slumps after ceo pooh poohed"" OR ""SecurityValue.Decrease SecurityValue"" -is:retweet lang:en",19
amd05_securityvalue_increase_securityvalue_missing_date,amd s stock surges on heavy volume as gpu product demand fuels | SecurityValue.Increase_SecurityValue,,collected,x,,,,16,search/all,"""amd s stock surges on heavy volume as"" OR ""SecurityValue.Increase SecurityValue"" -is:retweet lang:en",16
amd06_securityvalue_decrease_securityvalue_missing_date,amd s stock tumbles bringing win streak to an abrupt end | SecurityValue.Decrease_SecurityValue,,collected,x,,,,19,search/all,"""amd s stock tumbles bringing win streak to"" OR ""SecurityValue.Decrease SecurityValue"" -is:retweet lang:en",19
aal04_product_service_cancellation_recall_missing_date,american airlines backtracks lrb a bit rrb on its legroom re | Product/Service.Cancellation/Recall,,no_results,x,,,,0,search/all,"""american airlines backtracks lrb a bit rrb on"" OR ""Product/Service.Cancellation/Recall"" -is:retweet lang:en",0
aal09_product_service_launch_missing_date,american airlines flight attendants blast pittsburgh airport pla | Product/Service.Launch,,collected,x,,,,50,search/all,"""american airlines flight attendants blast pittsburgh airport pla"" OR ""Product/Service.Launch"" -is:retweet lang:en",50
aal10_profit_loss_decrease_profit_loss_missing_date,american airlines marks down third quarter guidance | Profit/Loss.Decrease_Profit/Loss,,no_results,x,,,,0,search/all,"""american airlines marks down third quarter guidance"" OR ""Profit/Loss.Decrease Profit/Loss"" -is:retweet lang:en",0
aal06_facility_open_missing_date,american airlines name affixed to a new wrigley field conferen | Facility.Open,,collected,x,,,,50,search/all,"""american airlines name affixed to a new wrigley"" OR ""Facility.Open"" -is:retweet lang:en",50
aal13_employment_start_missing_date,american airlines pilots agree on solution to staff december f | Employment.Start,,collected,x,,,,50,search/all,"""american airlines pilots agree on solution to staff"" OR ""Employment.Start"" -is:retweet lang:en",50
aal03_revenue_increase_revenue_missing_date,american airlines reports load factor increase in may shares g | Revenue.Increase_Revenue,,collected,x,,,,26,search/all,"""american airlines reports load factor increase in may"" OR ""Revenue.Increase Revenue"" -is:retweet lang:en",26
aal07_securityvalue_increase_securityvalue_missing_date,american airlines stock rallies after second upgrade in two da | SecurityValue.Increase_SecurityValue,,collected,x,,,,15,search/all,"""american airlines stock rallies after second upgrade in"" OR ""SecurityValue.Increase SecurityValue"" -is:retweet lang:en",15
aal00_revenue_increase_revenue_missing_date,american airlines up on record april traffic upbeat q2 view | Revenue.Increase_Revenue,,collected,x,,,,29,search/all,"""american airlines up on record april traffic upbeat"" OR ""Revenue.Increase Revenue"" -is:retweet lang:en",29
aal14_employment_compensation_missing_date,american and pilots settle issues after handshake by airline and | Employment.Compensation,,collected,x,,,,50,search/all,"""american and pilots settle issues after handshake by"" OR ""Employment.Compensation"" -is:retweet lang:en",48
nem04_rating_pricetarget_missing_date,analyst insight is newmont mining warming up for a good 2018 | Rating.PriceTarget,,collected,x,,,,21,search/all,"""analyst insight is newmont mining warming up for"" OR ""Rating.PriceTarget"" -is:retweet lang:en",21
aapl06_product_service_launch_missing_date,apple aims to get an ipad in the hands of every hospital patient | Product/Service.Launch,,collected,x,,,,50,search/all,"""apple aims to get an ipad in the"" OR ""Product/Service.Launch"" -is:retweet lang:en",50
aapl02_product_service_launch_missing_date,apple is following google into making a custom ai chip | Product/Service.Launch,,collected,x,,,,45,search/all,"""apple is following google into making a custom"" OR ""Product/Service.Launch"" -is:retweet lang:en",45
aapl07_product_service_cancellation_recall_missing_date,apple leak reveals massive iphone 8 cancellation | Product/Service.Cancellation/Recall,,collected,x,,,,18,search/all,"""apple leak reveals massive iphone 8 cancellation"" OR ""Product/Service.Cancellation/Recall"" -is:retweet lang:en",18
aapl16_revenue_increase_revenue_missing_date,apple s app store generated over 11 billion in revenue for th | Revenue.Increase_Revenue,,collected,x,,,,26,search/all,"""apple s app store generated over 11 billion"" OR ""Revenue.Increase Revenue"" -is:retweet lang:en",26
aapl10_dividend_payment_missing_date,apple s rain of cash washes away debt doubts | Dividend.Payment,,collected,x,,,,50,search/all,"""apple s rain of cash washes away debt"" OR ""Dividend.Payment"" -is:retweet lang:en",48
aapl12_securityvalue_increase_securityvalue_missing_date,apple s stock jumps after keybanc upgrade to buy rating | SecurityValue.Increase_SecurityValue,,collected,x,,,,49,search/all,"""apple s stock jumps after keybanc upgrade to"" OR ""SecurityValue.Increase SecurityValue"" -is:retweet lang:en",49
aapl00_rating_pricetarget_missing_date,apple s stock price target gets a boost on increased iphone sal | Rating.PriceTarget,,no_results,x,,,,0,search/all,"""apple s stock price target gets a boost"" OR ""Rating.PriceTarget"" -is:retweet lang:en",0
aapl08_legal_proceeding_missing_date,apple vs qualcomm the itc is in it | Legal.Proceeding,,collected,x,,,,50,search/all,"""apple vs qualcomm the itc is in it"" OR ""Legal.Proceeding"" -is:retweet lang:en",46
nem00_financialreport_beat_missing_date,are gold miners on track to achieve 2017 production guidance | FinancialReport.Beat,,no_results,x,,,,0,search/all,"""are gold miners on track to achieve 2017"" OR ""FinancialReport.Beat"" -is:retweet lang:en",0
t04_product_service_launch_missing_date,as states test waters att hopes to catch all with firstnet fi | Product/Service.Launch,,collected,x,,,,45,search/all,"""as states test waters att hopes to catch"" OR ""Product/Service.Launch"" -is:retweet lang:en",45
ba07_rating_buyoutperform_missing_date,at more than 200 a share is boeing still a buy 1 analyst t | Rating.BuyOutperform,,no_results,x,,,,0,search/all,"""at more than 200 a share is boeing"" OR ""Rating.BuyOutperform"" -is:retweet lang:en",0
t03_merger_acquisition_missing_date,att acquisition of time warner will not be blocked by trump c | Merger/Acquisition,,no_results,x,,,,0,search/all,"""att acquisition of time warner will not be"" OR ""Merger/Acquisition"" -is:retweet lang:en",0
t13_legal_proceeding_missing_date,att and time warner would expletive deleted competitors s | Legal.Proceeding,,collected,x,,,,50,search/all,"""att and time warner would expletive deleted competitors"" OR ""Legal.Proceeding"" -is:retweet lang:en",46
t06_product_service_launch_missing_date,att inc is running out of room to grow what s next | Product/Service.Launch,,collected,x,,,,50,search/all,"""att inc is running out of room to"" OR ""Product/Service.Launch"" -is:retweet lang:en",50
t01_macroeconomics_missing_date,att leapfrogs exxon mobil as largest public company in texas | Macroeconomics,,collected,x,,,,50,search/all,"""att leapfrogs exxon mobil as largest public company"" OR ""Macroeconomics"" -is:retweet lang:en",48
t02_salesvolume_decrease_salesvolume_missing_date,att s directv now went flat after january report says | SalesVolume.Decrease_SalesVolume,,no_results,x,,,,0,search/all,"""att s directv now went flat after january"" OR ""SalesVolume.Decrease SalesVolume"" -is:retweet lang:en",0
t14_employment_compensation_missing_date,att s tax cut bonus is nt just a gimmick | Employment.Compensation,,collected,x,,,,50,search/all,"""att s tax cut bonus is nt just"" OR ""Employment.Compensation"" -is:retweet lang:en",48
bac04_expense_decrease_expense_missing_date,bank of america earnings hurt by tax related charge | Expense.Decrease_Expense,,no_results,x,,,,0,search/all,"""bank of america earnings hurt by tax related"" OR ""Expense.Decrease Expense"" -is:retweet lang:en",0
bac06_employment_start_missing_date,bank of america hires law firm to help probe 292 million loss | Employment.Start,,collected,x,,,,50,search/all,"""bank of america hires law firm to help"" OR ""Employment.Start"" -is:retweet lang:en",50
bac03_product_service_launch_missing_date,bank of america s latest mobile feature a tool to buy a car | Product/Service.Launch,,collected,x,,,,39,search/all,"""bank of america s latest mobile feature a"" OR ""Product/Service.Launch"" -is:retweet lang:en",39
bac02_financialreport_beat_missing_date,bank of america still lags us banking peers in terms of core c | FinancialReport.Beat,,collected,x,,,,1,search/all,"""bank of america still lags us banking peers"" OR ""FinancialReport.Beat"" -is:retweet lang:en",1
bac00_product_service_launch_missing_date,bank of america wants to make it easier for you to get a mortgag | Product/Service.Launch,,collected,x,,,,17,search/all,"""bank of america wants to make it easier"" OR ""Product/Service.Launch"" -is:retweet lang:en",17
fox00_securityvalue_increase_securityvalue_missing_date,berkshire cuts 21st century fox stake adjusts airline bets | SecurityValue.Increase_SecurityValue,,collected,x,,,,31,search/all,"""berkshire cuts 21st century fox stake adjusts airline"" OR ""SecurityValue.Increase SecurityValue"" -is:retweet lang:en",31
ba09_securityvalue_increase_securityvalue_missing_date,boeing 787 production increase is good news for aerospace but | SecurityValue.Increase_SecurityValue,,no_results,x,,,,0,search/all,"""boeing 787 production increase is good news for"" OR ""SecurityValue.Increase SecurityValue"" -is:retweet lang:en",0
ba13_securityvalue_increase_securityvalue_missing_date,boeing applauds tax bill with 300 million workforce related an | SecurityValue.Increase_SecurityValue,,collected,x,,,,50,search/all,"""boeing applauds tax bill with 300 million workforce"" OR ""SecurityValue.Increase SecurityValue"" -is:retweet lang:en",50
ba05_expense_decrease_expense_missing_date,boeing defense to cut 50 executive jobs in management shakeup | Expense.Decrease_Expense,,collected,x,,,,14,search/all,"""boeing defense to cut 50 executive jobs in"" OR ""Expense.Decrease Expense"" -is:retweet lang:en",14
ba00_product_service_launch_missing_date,boeing delivers its first 737 max just as planned | Product/Service.Launch,,collected,x,,,,50,search/all,"""boeing delivers its first 737 max just as"" OR ""Product/Service.Launch"" -is:retweet lang:en",50
ba02_securityvalue_increase_securityvalue_missing_date,boeing roundup boeing lands deals with saudi arabia | SecurityValue.Increase_SecurityValue,,collected,x,,,,2,search/all,"""boeing roundup boeing lands deals with saudi arabia"" OR ""SecurityValue.Increase SecurityValue"" -is:retweet lang:en",2
ba14_securityvalue_increase_securityvalue_missing_date,boeing s low altitude bid | SecurityValue.Increase_SecurityValue,,no_results,x,,,,0,search/all,"""boeing s low altitude bid"" OR ""SecurityValue.Increase SecurityValue"" -is:retweet lang:en",0
ba16_securityvalue_decrease_securityvalue_missing_date,boeing s stock contributes about 10 of the dow s 1030 point | SecurityValue.Decrease_SecurityValue,,collected,x,,,,31,search/all,"""boeing s stock contributes about 10 of the"" OR ""SecurityValue.Decrease SecurityValue"" -is:retweet lang:en",31
ba08_securityvalue_increase_securityvalue_missing_date,boeing s stock may have flown too high | SecurityValue.Increase_SecurityValue,,no_results,x,,,,0,search/all,"""boeing s stock may have flown too high"" OR ""SecurityValue.Increase SecurityValue"" -is:retweet lang:en",0
ba01_employment_start_missing_date,boeing s t x could be good news for struggling st louis econom | Employment.Start,,collected,x,,,,50,search/all,"""boeing s t x could be good news"" OR ""Employment.Start"" -is:retweet lang:en",50
ba03_product_service_launch_missing_date,boeing wins contract to build darpa xs 1 experimental space plan | Product/Service.Launch,,collected,x,,,,50,search/all,"""boeing wins contract to build darpa xs 1"" OR ""Product/Service.Launch"" -is:retweet lang:en",50
bac05_product_service_launch_missing_date,bofa includes bitcoin trust in broader ban on investments | Product/Service.Launch,,collected,x,,,,50,search/all,"""bofa includes bitcoin trust in broader ban on"" OR ""Product/Service.Launch"" -is:retweet lang:en",50
celg02_product_service_launch_missing_date,celgene s stock may be incredibly overvalued right now here | Product/Service.Launch,,collected,x,,,,50,search/all,"""celgene s stock may be incredibly overvalued right"" OR ""Product/Service.Launch"" -is:retweet lang:en",50
chk03_securityvalue_increase_securityvalue_missing_date,chesapeake energy was the sp 500 s top gainer on june 13 | SecurityValue.Increase_SecurityValue,,no_results,x,,,,0,search/all,"""chesapeake energy was the sp 500 s top"" OR ""SecurityValue.Increase SecurityValue"" -is:retweet lang:en",0
cvx00_csr_brand_missing_date,chevron investors back off from climate change proposal | CSR/Brand,,collected,x,,,,46,search/all,"""chevron investors back off from climate change proposal"" OR ""CSR/Brand"" -is:retweet lang:en",46
cvx05_financialreport_beat_missing_date,chevron s 10 k puts the permian on a pedestal | FinancialReport.Beat,,no_results,x,,,,0,search/all,"""chevron s 10 k puts the permian on"" OR ""FinancialReport.Beat"" -is:retweet lang:en",0
cvx06_financialreport_beat_missing_date,chevron s debt fell in 4q17 what to expect in 2018 | FinancialReport.Beat,,no_results,x,,,,0,search/all,"""chevron s debt fell in 4q17 what to"" OR ""FinancialReport.Beat"" -is:retweet lang:en",0
cvx02_facility_open_missing_date,chevron s management looks like it s changing its capital spen | Facility.Open,,collected,x,,,,50,search/all,"""chevron s management looks like it s changing"" OR ""Facility.Open"" -is:retweet lang:en",50
cvx03_legal_proceeding_missing_date,chevron shielded from 9 billion verdict | Legal.Proceeding,,collected,x,,,,50,search/all,"""chevron shielded from 9 billion verdict"" OR ""Legal.Proceeding"" -is:retweet lang:en",46
cmg00_employment_end_missing_date,chipotle cfo says we were losing our edge even before ecoli | Employment.End,,collected,x,,,,50,search/all,"""chipotle cfo says we were losing our edge"" OR ""Employment.End"" -is:retweet lang:en",50
cmg04_salesvolume_increase_salesvolume_missing_date,chipotle is betting on digital | SalesVolume.Increase_SalesVolume,,collected,x,,,,15,search/all,"""chipotle is betting on digital"" OR ""SalesVolume.Increase SalesVolume"" -is:retweet lang:en",15
cmg01_employment_start_missing_date,chipotle names scott boatwright chief restaurant officer | Employment.Start,,collected,x,,,,50,search/all,"""chipotle names scott boatwright chief restaurant officer"" OR ""Employment.Start"" -is:retweet lang:en",50
cmg03_salesvolume_decrease_salesvolume_missing_date,chipotle removes malware after breach strikes payment systems | SalesVolume.Decrease_SalesVolume,,collected,x,,,,50,search/all,"""chipotle removes malware after breach strikes payment systems"" OR ""SalesVolume.Decrease SalesVolume"" -is:retweet lang:en",50
pg00_legal_appeal_missing_date,companies spurned by supreme court on 1 billion michigan tax c | Legal.Appeal,,collected,x,,,,50,search/all,"""companies spurned by supreme court on 1 billion"" OR ""Legal.Appeal"" -is:retweet lang:en",46
cost01_merger_acquisition_missing_date,costco adds fresh breads from bakery spurned by starbucks | Merger/Acquisition,,collected,x,,,,50,search/all,"""costco adds fresh breads from bakery spurned by"" OR ""Merger/Acquisition"" -is:retweet lang:en",49
cost03_facility_open_missing_date,costco exceeds expectations in sales and earnings will open 1 | Facility.Open,,collected,x,,,,50,search/all,"""costco exceeds expectations in sales and earnings will"" OR ""Facility.Open"" -is:retweet lang:en",50
cost00_salesvolume_increase_salesvolume_missing_date,costco makes gains despite retailer gloom with upbeat earnings | SalesVolume.Increase_SalesVolume,,collected,x,,,,21,search/all,"""costco makes gains despite retailer gloom with upbeat"" OR ""SalesVolume.Increase SalesVolume"" -is:retweet lang:en",21
cost02_revenue_increase_revenue_missing_date,costco not all beats are created equal | Revenue.Increase_Revenue,,collected,x,,,,26,search/all,"""costco not all beats are created equal"" OR ""Revenue.Increase Revenue"" -is:retweet lang:en",26
aal02_product_service_cancellation_recall_missing_date,delta air lines finds competition intense in may on time arrival | Product/Service.Cancellation/Recall,,no_results,x,,,,0,search/all,"""delta air lines finds competition intense in may"" OR ""Product/Service.Cancellation/Recall"" -is:retweet lang:en",0
f07_product_service_launch_missing_date,dhl and ford unveil a jointly made electric delivery van | Product/Service.Launch,,collected,x,,,,50,search/all,"""dhl and ford unveil a jointly made electric"" OR ""Product/Service.Launch"" -is:retweet lang:en",50
aapl05_product_service_launch_missing_date,did apple just make best buy a better buy | Product/Service.Launch,,collected,x,,,,30,search/all,"""did apple just make best buy a better"" OR ""Product/Service.Launch"" -is:retweet lang:en",30
aapl11_product_service_launch_missing_date,disappointing new iphones reveal a scared and greedy apple | Product/Service.Launch,,collected,x,,,,45,search/all,"""disappointing new iphones reveal a scared and greedy"" OR ""Product/Service.Launch"" -is:retweet lang:en",45
dis11_product_service_launch_missing_date,disney earnings buying fox would nt a bad idea | Product/Service.Launch,,collected,x,,,,50,search/all,"""disney earnings buying fox would nt a bad"" OR ""Product/Service.Launch"" -is:retweet lang:en",50
dis02_salesvolume_decrease_salesvolume_missing_date,disney earnings give a look at how espn is facing the future | SalesVolume.Decrease_SalesVolume,,collected,x,,,,29,search/all,"""disney earnings give a look at how espn"" OR ""SalesVolume.Decrease SalesVolume"" -is:retweet lang:en",29
dis09_employment_start_missing_date,disney elects gm ceo barra to board amid iger succession hunt | Employment.Start,,collected,x,,,,50,search/all,"""disney elects gm ceo barra to board amid"" OR ""Employment.Start"" -is:retweet lang:en",50
dis07_product_service_launch_missing_date,disney joins ar fray with 200 star wars ar headset | Product/Service.Launch,,collected,x,,,,50,search/all,"""disney joins ar fray with 200 star wars"" OR ""Product/Service.Launch"" -is:retweet lang:en",50
dis12_revenue_decrease_revenue_missing_date,disney s fiscal 2017 in review | Revenue.Decrease_Revenue,,collected,x,,,,6,search/all,"""disney s fiscal 2017 in review"" OR ""Revenue.Decrease Revenue"" -is:retweet lang:en",6
dis04_salesvolume_decrease_salesvolume_missing_date,disney s global theme parks saw attendance decline in 2016 bu | SalesVolume.Decrease_SalesVolume,,collected,x,,,,18,search/all,"""disney s global theme parks saw attendance decline"" OR ""SalesVolume.Decrease SalesVolume"" -is:retweet lang:en",18
dis08_revenue_decrease_revenue_missing_date,disney stock defies ho hum earnings | Revenue.Decrease_Revenue,,collected,x,,,,6,search/all,"""disney stock defies ho hum earnings"" OR ""Revenue.Decrease Revenue"" -is:retweet lang:en",6
dis06_securityvalue_decrease_securityvalue_missing_date,disney what s worth more than a movie ticket | SecurityValue.Decrease_SecurityValue,,no_results,x,,,,0,search/all,"""disney what s worth more than a movie"" OR ""SecurityValue.Decrease SecurityValue"" -is:retweet lang:en",0
dis03_product_service_launch_missing_date,disney world and universal orlando go through growing pains | Product/Service.Launch,,collected,x,,,,50,search/all,"""disney world and universal orlando go through growing"" OR ""Product/Service.Launch"" -is:retweet lang:en",50
dis00_facility_open_missing_date,disney world s big transformation is 10 days away | Facility.Open,,collected,x,,,,50,search/all,"""disney world s big transformation is 10 days"" OR ""Facility.Open"" -is:retweet lang:en",50
gs02_securityvalue_increase_securityvalue_missing_date,dow s late afternoon surge into record territory powered by gol | SecurityValue.Increase_SecurityValue,,collected,x,,,,18,search/all,"""dow s late afternoon surge into record territory"" OR ""SecurityValue.Increase SecurityValue"" -is:retweet lang:en",18
duk02_investment_missing_date,duke energy doles out 11 m in water resources grants | Investment,,collected,x,,,,50,search/all,"""duke energy doles out 11 m in water"" OR ""Investment"" -is:retweet lang:en",49
duk05_product_service_cancellation_recall_missing_date,duke energy says some customers may be affected by data breach | Product/Service.Cancellation/Recall,,no_results,x,,,,0,search/all,"""duke energy says some customers may be affected"" OR ""Product/Service.Cancellation/Recall"" -is:retweet lang:en",0
duk07_securityvalue_decrease_securityvalue_missing_date,duke energy stock is at its most oversold level in 5 years | SecurityValue.Decrease_SecurityValue,,no_results,x,,,,0,search/all,"""duke energy stock is at its most oversold"" OR ""SecurityValue.Decrease SecurityValue"" -is:retweet lang:en",0
duk03_csr_brand_missing_date,duke posts full qa from controversial online only shareholder m | CSR/Brand,,collected,x,,,,34,search/all,"""duke posts full qa from controversial online only"" OR ""CSR/Brand"" -is:retweet lang:en",34
goog11_securityvalue_increase_securityvalue_missing_date,earnings preview what to expect from alphabet on thursday | SecurityValue.Increase_SecurityValue,,collected,x,,,,46,search/all,"""earnings preview what to expect from alphabet on"" OR ""SecurityValue.Increase SecurityValue"" -is:retweet lang:en",46
dis05_facility_open_missing_date,euro disney dis gains control plans to delist | Facility.Open,,collected,x,,,,50,search/all,"""euro disney dis gains control plans to delist"" OR ""Facility.Open"" -is:retweet lang:en",50
fb01_product_service_launch_missing_date,facebook inc s instagram wants to beat snapchat with executi | Product/Service.Launch,,collected,x,,,,50,search/all,"""facebook inc s instagram wants to beat snapchat"" OR ""Product/Service.Launch"" -is:retweet lang:en",50
fb09_product_service_launch_missing_date,facebook pitches brand safety ahead of video ad push | Product/Service.Launch,,collected,x,,,,50,search/all,"""facebook pitches brand safety ahead of video ad"" OR ""Product/Service.Launch"" -is:retweet lang:en",50
fb06_revenue_increase_revenue_missing_date,facebook posts strong q2 as arpu grows across geographies | Revenue.Increase_Revenue,,collected,x,,,,22,search/all,"""facebook posts strong q2 as arpu grows across"" OR ""Revenue.Increase Revenue"" -is:retweet lang:en",22
fb13_profit_loss_increase_profit_loss_missing_date,facebook s profit rises but users spend less time on network | Profit/Loss.Increase_Profit/Loss,,no_results,x,,,,0,search/all,"""facebook s profit rises but users spend less"" OR ""Profit/Loss.Increase Profit/Loss"" -is:retweet lang:en",0
fb14_securityvalue_decrease_securityvalue_missing_date,facebook s wary dance with the beltway | SecurityValue.Decrease_SecurityValue,,collected,x,,,,12,search/all,"""facebook s wary dance with the beltway"" OR ""SecurityValue.Decrease SecurityValue"" -is:retweet lang:en",12
fb10_product_service_launch_missing_date,facebook s workplace is gaining ground as it prepares to pounce | Product/Service.Launch,,collected,x,,,,45,search/all,"""facebook s workplace is gaining ground as it"" OR ""Product/Service.Launch"" -is:retweet lang:en",45
fb03_legal_conviction_settlement_missing_date,facebook says controversial data sharing policy is indispensab | Legal.Conviction/Settlement,,no_results,x,,,,0,search/all,"""facebook says controversial data sharing policy is indispensab"" OR ""Legal.Conviction/Settlement"" -is:retweet lang:en",0
fb08_financialreport_beat_missing_date,facebook stock offers 40 upside | FinancialReport.Beat,,no_results,x,,,,0,search/all,"""facebook stock offers 40 upside"" OR ""FinancialReport.Beat"" -is:retweet lang:en",0
fb00_legal_conviction_settlement_missing_date,facebook to be fined in eu probe over whatsapp takeover | Legal.Conviction/Settlement,,no_results,x,,,,0,search/all,"""facebook to be fined in eu probe over"" OR ""Legal.Conviction/Settlement"" -is:retweet lang:en",0
fb12_employment_start_missing_date,facebook to hire 800 new workers in london | Employment.Start,,collected,x,,,,50,search/all,"""facebook to hire 800 new workers in london"" OR ""Employment.Start"" -is:retweet lang:en",50
fb07_product_service_launch_missing_date,facebook turns to original tv content with new watch tab | Product/Service.Launch,,collected,x,,,,35,search/all,"""facebook turns to original tv content with new"" OR ""Product/Service.Launch"" -is:retweet lang:en",35
amzn13_securityvalue_increase_securityvalue_missing_date,five reasons amazon can reach 1500 | SecurityValue.Increase_SecurityValue,,no_results,x,,,,0,search/all,"""five reasons amazon can reach 1500"" OR ""SecurityValue.Increase SecurityValue"" -is:retweet lang:en",0
f02_salesvolume_increase_salesvolume_missing_date,ford ekes out a sales gain on pickups and fleet deliveries | SalesVolume.Increase_SalesVolume,,collected,x,,,,8,search/all,"""ford ekes out a sales gain on pickups"" OR ""SalesVolume.Increase SalesVolume"" -is:retweet lang:en",8
f12_expense_increase_expense_missing_date,ford increasing electric vehicle investment to 11 billion by 2 | Expense.Increase_Expense,,collected,x,,,,1,search/all,"""ford increasing electric vehicle investment to 11 billion"" OR ""Expense.Increase Expense"" -is:retweet lang:en",1
f15_salesvolume_increase_salesvolume_missing_date,ford is at a crossroad of danger and opportunity in china | SalesVolume.Increase_SalesVolume,,collected,x,,,,11,search/all,"""ford is at a crossroad of danger and"" OR ""SalesVolume.Increase SalesVolume"" -is:retweet lang:en",11
f14_financialreport_miss_missing_date,ford is the next ge and shorts should be salivating | FinancialReport.Miss,,collected,x,,,,14,search/all,"""ford is the next ge and shorts should"" OR ""FinancialReport.Miss"" -is:retweet lang:en",14
f13_product_service_launch_missing_date,ford rolls out a hot rod suv as drivers abandon performance cars | Product/Service.Launch,,collected,x,,,,50,search/all,"""ford rolls out a hot rod suv as"" OR ""Product/Service.Launch"" -is:retweet lang:en",50
f11_product_service_launch_missing_date,ford s china growth plan includes introduction of 50 new vehicl | Product/Service.Launch,,collected,x,,,,50,search/all,"""ford s china growth plan includes introduction of"" OR ""Product/Service.Launch"" -is:retweet lang:en",50
f00_employment_end_missing_date,ford to cut 1400 jobs as pressure grows on profits | Employment.End,,collected,x,,,,50,search/all,"""ford to cut 1400 jobs as pressure grows"" OR ""Employment.End"" -is:retweet lang:en",50
f04_facility_open_missing_date,forget mexico ford moving focus production from us to china | Facility.Open,,collected,x,,,,50,search/all,"""forget mexico ford moving focus production from us"" OR ""Facility.Open"" -is:retweet lang:en",50
fox02_salesvolume_increase_salesvolume_missing_date,fox msnbc neck and neck in ratings as viewers monitor trump | SalesVolume.Increase_SalesVolume,,collected,x,,,,25,search/all,"""fox msnbc neck and neck in ratings as"" OR ""SalesVolume.Increase SalesVolume"" -is:retweet lang:en",25
fox01_employment_start_missing_date,fox sports buys impression bolsters naming rights sales | Employment.Start,,collected,x,,,,50,search/all,"""fox sports buys impression bolsters naming rights sales"" OR ""Employment.Start"" -is:retweet lang:en",50
fox04_product_service_launch_missing_date,fox to sell 6 second ads | Product/Service.Launch,,collected,x,,,,46,search/all,"""fox to sell 6 second ads"" OR ""Product/Service.Launch"" -is:retweet lang:en",46
duk00_csr_brand_missing_date,fuel savings and improved air quality highlight duke energy s t | CSR/Brand,,collected,x,,,,46,search/all,"""fuel savings and improved air quality highlight duke"" OR ""CSR/Brand"" -is:retweet lang:en",46
ge01_securityvalue_decrease_securityvalue_missing_date,ge drops after immelt predicts challenges to hit 2018 targets | SecurityValue.Decrease_SecurityValue,,collected,x,,,,1,search/all,"""ge drops after immelt predicts challenges to hit"" OR ""SecurityValue.Decrease SecurityValue"" -is:retweet lang:en",1
ge13_expense_decrease_expense_missing_date,ge is beating some headwinds but is it enough | Expense.Decrease_Expense,,collected,x,,,,27,search/all,"""ge is beating some headwinds but is it"" OR ""Expense.Decrease Expense"" -is:retweet lang:en",27
ge12_rating_credit_debt_missing_date,ge s credit downgraded at fitch outlook remains negative | Rating.Credit/Debt,,collected,x,,,,5,search/all,"""ge s credit downgraded at fitch outlook remains"" OR ""Rating.Credit/Debt"" -is:retweet lang:en",2
ge09_profit_loss_increase_profit_loss_missing_date,ge s expected q3 profit surge may be overshadowed by dividend f | Profit/Loss.Increase_Profit/Loss,,no_results,x,,,,0,search/all,"""ge s expected q3 profit surge may be"" OR ""Profit/Loss.Increase Profit/Loss"" -is:retweet lang:en",0
ge11_securityvalue_increase_securityvalue_missing_date,ge s stock bounces sharply to pace dow gainers | SecurityValue.Increase_SecurityValue,,collected,x,,,,8,search/all,"""ge s stock bounces sharply to pace dow"" OR ""SecurityValue.Increase SecurityValue"" -is:retweet lang:en",8
ge10_securityvalue_decrease_securityvalue_missing_date,ge s stock tumbles toward second 6 session losing streak this m | SecurityValue.Decrease_SecurityValue,,collected,x,,,,10,search/all,"""ge s stock tumbles toward second 6 session"" OR ""SecurityValue.Decrease SecurityValue"" -is:retweet lang:en",10
ge06_securityvalue_decrease_securityvalue_missing_date,ge stock breaks down to lower channel support | SecurityValue.Decrease_SecurityValue,,no_results,x,,,,0,search/all,"""ge stock breaks down to lower channel support"" OR ""SecurityValue.Decrease SecurityValue"" -is:retweet lang:en",0
ge04_employment_start_missing_date,ge to replace jeff immelt with ge healthcare exec john flannery | Employment.Start,,collected,x,,,,50,search/all,"""ge to replace jeff immelt with ge healthcare"" OR ""Employment.Start"" -is:retweet lang:en",50
ge05_securityvalue_decrease_securityvalue_missing_date,general electric can aviation make it fly | SecurityValue.Decrease_SecurityValue,,collected,x,,,,17,search/all,"""general electric can aviation make it fly"" OR ""SecurityValue.Decrease SecurityValue"" -is:retweet lang:en",17
gm03_salesvolume_decrease_salesvolume_missing_date,general motors cadillac sales are booming in china | SalesVolume.Decrease_SalesVolume,,collected,x,,,,12,search/all,"""general motors cadillac sales are booming in china"" OR ""SalesVolume.Decrease SalesVolume"" -is:retweet lang:en",12
gm02_salesvolume_increase_salesvolume_missing_date,general motors sales slip on rental fleet cutbacks | SalesVolume.Increase_SalesVolume,,collected,x,,,,8,search/all,"""general motors sales slip on rental fleet cutbacks"" OR ""SalesVolume.Increase SalesVolume"" -is:retweet lang:en",8
gm10_securityvalue_increase_securityvalue_missing_date,general motors this ai nt the autobahn | SecurityValue.Increase_SecurityValue,,no_results,x,,,,0,search/all,"""general motors this ai nt the autobahn"" OR ""SecurityValue.Increase SecurityValue"" -is:retweet lang:en",0
gm06_product_service_launch_missing_date,gm doubles down on diesel as 2018 equinox gets 39 mpg rating 5 | Product/Service.Launch,,collected,x,,,,50,search/all,"""gm doubles down on diesel as 2018 equinox"" OR ""Product/Service.Launch"" -is:retweet lang:en",50
gm07_legal_conviction_settlement_missing_date,gm s fairfax factory earns energy star certificate | Legal.Conviction/Settlement,,no_results,x,,,,0,search/all,"""gm s fairfax factory earns energy star certificate"" OR ""Legal.Conviction/Settlement"" -is:retweet lang:en",0
gm11_securityvalue_increase_securityvalue_missing_date,gm s self driving cars will be impressive but not impressiv | SecurityValue.Increase_SecurityValue,,no_results,x,,,,0,search/all,"""gm s self driving cars will be impressive"" OR ""SecurityValue.Increase SecurityValue"" -is:retweet lang:en",0
gm05_employment_compensation_missing_date,gm selling 3b in bonds related to pension problem | Employment.Compensation,,collected,x,,,,50,search/all,"""gm selling 3b in bonds related to pension"" OR ""Employment.Compensation"" -is:retweet lang:en",48
gm04_facility_open_missing_date,gm to add 850 new jobs in arlington via supplier park | Facility.Open,,collected,x,,,,50,search/all,"""gm to add 850 new jobs in arlington"" OR ""Facility.Open"" -is:retweet lang:en",50
wmt06_rating_buyoutperform_missing_date,goldman expects wal mart s fortunes to improve alongside the co | Rating.BuyOutperform,,no_results,x,,,,0,search/all,"""goldman expects wal mart s fortunes to improve"" OR ""Rating.BuyOutperform"" -is:retweet lang:en",0
gs00_product_service_launch_missing_date,goldman flexes its lending muscles | Product/Service.Launch,,collected,x,,,,50,search/all,"""goldman flexes its lending muscles"" OR ""Product/Service.Launch"" -is:retweet lang:en",50
gs03_product_service_launch_missing_date,goldman sachs continues retail banking push with higher savings | Product/Service.Launch,,collected,x,,,,50,search/all,"""goldman sachs continues retail banking push with higher"" OR ""Product/Service.Launch"" -is:retweet lang:en",50
gs04_product_service_launch_missing_date,goldman sachs goes mr roboto on debt sales | Product/Service.Launch,,collected,x,,,,50,search/all,"""goldman sachs goes mr roboto on debt sales"" OR ""Product/Service.Launch"" -is:retweet lang:en",50
gs01_dividend_payment_missing_date,goldman sachs under fire for venezuela bond deal that critics sa | Dividend.Payment,,collected,x,,,,50,search/all,"""goldman sachs under fire for venezuela bond deal"" OR ""Dividend.Payment"" -is:retweet lang:en",48
goog09_legal_conviction_settlement_missing_date,good news for google s legal fight with the eu | Legal.Conviction/Settlement,,no_results,x,,,,0,search/all,"""good news for google s legal fight with"" OR ""Legal.Conviction/Settlement"" -is:retweet lang:en",0
goog06_legal_proceeding_missing_date,google age discrimination lawsuit nearly 300 people have signe | Legal.Proceeding,,collected,x,,,,50,search/all,"""google age discrimination lawsuit nearly 300 people have"" OR ""Legal.Proceeding"" -is:retweet lang:en",46
goog08_legal_appeal_missing_date,google begins biggest crackdown on extremist youtube videos | Legal.Appeal,,collected,x,,,,50,search/all,"""google begins biggest crackdown on extremist youtube videos"" OR ""Legal.Appeal"" -is:retweet lang:en",46
goog04_facility_open_missing_date,google cloud platform arrives in sydney | Facility.Open,,collected,x,,,,50,search/all,"""google cloud platform arrives in sydney"" OR ""Facility.Open"" -is:retweet lang:en",50
goog02_legal_conviction_settlement_missing_date,google execs hunker down for summer fight with eu as fines loom | Legal.Conviction/Settlement,,collected,x,,,,50,search/all,"""google execs hunker down for summer fight with"" OR ""Legal.Conviction/Settlement"" -is:retweet lang:en",50
goog03_product_service_cancellation_recall_missing_date,google leak reveals massive pixel 2 cancellation | Product/Service.Cancellation/Recall,,collected,x,,,,50,search/all,"""google leak reveals massive pixel 2 cancellation"" OR ""Product/Service.Cancellation/Recall"" -is:retweet lang:en",50
goog13_product_service_launch_missing_date,google s china bid wo nt end well | Product/Service.Launch,,collected,x,,,,42,search/all,"""google s china bid wo nt end well"" OR ""Product/Service.Launch"" -is:retweet lang:en",42
goog00_product_service_launch_missing_date,google thinks beyond ads at annual developer conference | Product/Service.Launch,,collected,x,,,,50,search/all,"""google thinks beyond ads at annual developer conference"" OR ""Product/Service.Launch"" -is:retweet lang:en",50
cvx01_salesvolume_stable_salesvolume_missing_date,has chevron s trading in refined products surged | SalesVolume.Stable_SalesVolume,,no_results,x,,,,0,search/all,"""has chevron s trading in refined products surged"" OR ""SalesVolume.Stable SalesVolume"" -is:retweet lang:en",0
aapl01_securityvalue_increase_securityvalue_missing_date,here are the six dow stocks experts say have the most upside | SecurityValue.Increase_SecurityValue,,collected,x,,,,13,search/all,"""here are the six dow stocks experts say"" OR ""SecurityValue.Increase SecurityValue"" -is:retweet lang:en",13
aapl15_financialreport_beat_missing_date,here s how apple gets to a 2 trillion market value | FinancialReport.Beat,,no_results,x,,,,0,search/all,"""here s how apple gets to a 2"" OR ""FinancialReport.Beat"" -is:retweet lang:en",0
wmt04_employment_start_missing_date,here s why the best is yet to come for wal mart stores inc | Employment.Start,,collected,x,,,,50,search/all,"""here s why the best is yet to"" OR ""Employment.Start"" -is:retweet lang:en",50
t05_macroeconomics_missing_date,how att s acquisition of twx could provide targeted advertisin | Macroeconomics,,collected,x,,,,50,search/all,"""how att s acquisition of twx could provide"" OR ""Macroeconomics"" -is:retweet lang:en",48
fb11_profit_loss_increase_profit_loss_missing_date,how facebook can monetize whatsapp | Profit/Loss.Increase_Profit/Loss,,no_results,x,,,,0,search/all,"""how facebook can monetize whatsapp"" OR ""Profit/Loss.Increase Profit/Loss"" -is:retweet lang:en",0
f08_salesvolume_decrease_salesvolume_missing_date,how ford s sales in china disappointed in august | SalesVolume.Decrease_SalesVolume,,no_results,x,,,,0,search/all,"""how ford s sales in china disappointed in"" OR ""SalesVolume.Decrease SalesVolume"" -is:retweet lang:en",0
f01_employment_start_missing_date,how hackett will manage ford as he tries to steer the automaker | Employment.Start,,collected,x,,,,50,search/all,"""how hackett will manage ford as he tries"" OR ""Employment.Start"" -is:retweet lang:en",50
cvx07_dividend_yieldraise_missing_date,how safe is chevrons dividend | Dividend.YieldRaise,,collected,x,,,,1,search/all,"""how safe is chevrons dividend"" OR ""Dividend.YieldRaise"" -is:retweet lang:en",1
nflx03_dividend_yieldstable_missing_date,how wall street analysts view netflix | Dividend.YieldStable,,no_results,x,,,,0,search/all,"""how wall street analysts view netflix"" OR ""Dividend.YieldStable"" -is:retweet lang:en",0
amd00_product_service_launch_missing_date,how well has amd delivered on their 2015 financial analyst day p | Product/Service.Launch,,collected,x,,,,50,search/all,"""how well has amd delivered on their 2015"" OR ""Product/Service.Launch"" -is:retweet lang:en",50
celg01_product_service_cancellation_recall_missing_date,i still ca nt believe juno therapeutics spent 464 million on | Product/Service.Cancellation/Recall,,no_results,x,,,,0,search/all,"""i still ca nt believe juno therapeutics spent"" OR ""Product/Service.Cancellation/Recall"" -is:retweet lang:en",0
nem01_financialreport_miss_missing_date,inside barrick gold s production growth | FinancialReport.Miss,,no_results,x,,,,0,search/all,"""inside barrick gold s production growth"" OR ""FinancialReport.Miss"" -is:retweet lang:en",0
gm12_product_service_launch_missing_date,investors impressed by general motors self driving car but m | Product/Service.Launch,,collected,x,,,,50,search/all,"""investors impressed by general motors self driving car"" OR ""Product/Service.Launch"" -is:retweet lang:en",50
aapl14_salesvolume_increase_salesvolume_missing_date,iphone x s dangerous choice of market share or profit | SalesVolume.Increase_SalesVolume,,no_results,x,,,,0,search/all,"""iphone x s dangerous choice of market share"" OR ""SalesVolume.Increase SalesVolume"" -is:retweet lang:en",0
ba04_legal_proceeding_missing_date,iran confident about 3 billion boeing deal as us mulls sanct | Legal.Proceeding,,collected,x,,,,50,search/all,"""iran confident about 3 billion boeing deal as"" OR ""Legal.Proceeding"" -is:retweet lang:en",46
amzn12_securityvalue_increase_securityvalue_missing_date,is amazon getting into the pharmacy business this is what you | SecurityValue.Increase_SecurityValue,,no_results,x,,,,0,search/all,"""is amazon getting into the pharmacy business this"" OR ""SecurityValue.Increase SecurityValue"" -is:retweet lang:en",0
f06_expense_increase_expense_missing_date,is ford s profit | Expense.Increase_Expense,,collected,x,,,,2,search/all,"""is ford s profit"" OR ""Expense.Increase Expense"" -is:retweet lang:en",2
gm01_expense_decrease_expense_missing_date,is gm abandoning its future for short term profits | Expense.Decrease_Expense,,no_results,x,,,,0,search/all,"""is gm abandoning its future for short term"" OR ""Expense.Decrease Expense"" -is:retweet lang:en",0
fb05_revenue_increase_revenue_missing_date,is the market undervaluing facebook stock | Revenue.Increase_Revenue,,collected,x,,,,26,search/all,"""is the market undervaluing facebook stock"" OR ""Revenue.Increase Revenue"" -is:retweet lang:en",26
abbv04_product_service_launch_missing_date,is this dividend aristocrat ridiculously undervalued | Product/Service.Launch,,collected,x,,,,50,search/all,"""is this dividend aristocrat ridiculously undervalued"" OR ""Product/Service.Launch"" -is:retweet lang:en",50
amzn01_securityvalue_increase_securityvalue_missing_date,jeff bezos fortune continues to soar as amazon stock reaches n | SecurityValue.Increase_SecurityValue,,collected,x,,,,50,search/all,"""jeff bezos fortune continues to soar as amazon"" OR ""SecurityValue.Increase SecurityValue"" -is:retweet lang:en",50
jnj02_product_service_launch_missing_date,jj drug prevents heart attacks at cost of amputated toes | Product/Service.Launch,,collected,x,,,,50,search/all,"""jj drug prevents heart attacks at cost of"" OR ""Product/Service.Launch"" -is:retweet lang:en",50
jnj01_product_service_trial_missing_date,jj s zytiga boosts survival in new severe prostate cancers | Product/Service.Trial,,collected,x,,,,1,search/all,"""jj s zytiga boosts survival in new severe"" OR ""Product/Service.Trial"" -is:retweet lang:en",1
jnj04_financialreport_beat_missing_date,johnson johnson earnings when strong is nt strong enough | FinancialReport.Beat,,no_results,x,,,,0,search/all,"""johnson johnson earnings when strong is nt strong"" OR ""FinancialReport.Beat"" -is:retweet lang:en",0
jnj00_product_service_trial_missing_date,johnson johnson plans to file for approval 10 potential blockb | Product/Service.Trial,,collected,x,,,,1,search/all,"""johnson johnson plans to file for approval 10"" OR ""Product/Service.Trial"" -is:retweet lang:en",1
jnj03_product_service_trial_missing_date,johnson johnson s type 2 diabetes drug is stellar in cardiova | Product/Service.Trial,,collected,x,,,,1,search/all,"""johnson johnson s type 2 diabetes drug is"" OR ""Product/Service.Trial"" -is:retweet lang:en",1
nflx14_salesvolume_increase_salesvolume_missing_date,just ca nt get enough netflix subscriptions could grow despit | SalesVolume.Increase_SalesVolume,,no_results,x,,,,0,search/all,"""just ca nt get enough netflix subscriptions could"" OR ""SalesVolume.Increase SalesVolume"" -is:retweet lang:en",0
kmi00_securityvalue_decrease_securityvalue_missing_date,kinder morgan s canada ipo faces a challenge | SecurityValue.Decrease_SecurityValue,,collected,x,,,,1,search/all,"""kinder morgan s canada ipo faces a challenge"" OR ""SecurityValue.Decrease SecurityValue"" -is:retweet lang:en",1
kmi03_facility_open_missing_date,kmi launches canada ipo amid political uncertainty in bc | Facility.Open,,collected,x,,,,50,search/all,"""kmi launches canada ipo amid political uncertainty in"" OR ""Facility.Open"" -is:retweet lang:en",50
duk06_rating_buyoutperform_missing_date,like many of its peers duk is trading in the oversold zone | Rating.BuyOutperform,,no_results,x,,,,0,search/all,"""like many of its peers duk is trading"" OR ""Rating.BuyOutperform"" -is:retweet lang:en",0
f05_employment_start_missing_date,lucid motors is mulling sale after takeover talks with ford | Employment.Start,,collected,x,,,,50,search/all,"""lucid motors is mulling sale after takeover talks"" OR ""Employment.Start"" -is:retweet lang:en",50
fb04_csr_brand_missing_date,mark zuckerberg just sold 425 million of facebook stock | CSR/Brand,,collected,x,,,,42,search/all,"""mark zuckerberg just sold 425 million of facebook"" OR ""CSR/Brand"" -is:retweet lang:en",42
f03_salesvolume_increase_salesvolume_missing_date,may auto sales results reveal a new leader among detroit three | SalesVolume.Increase_SalesVolume,,no_results,x,,,,0,search/all,"""may auto sales results reveal a new leader"" OR ""SalesVolume.Increase SalesVolume"" -is:retweet lang:en",0
msft02_facility_open_missing_date,microsoft corp expanding its sa footprint with 50m new constr | Facility.Open,,collected,x,,,,50,search/all,"""microsoft corp expanding its sa footprint with 50m"" OR ""Facility.Open"" -is:retweet lang:en",50
msft01_product_service_launch_missing_date,microsoft revamped skype to look like snapchat | Product/Service.Launch,,collected,x,,,,50,search/all,"""microsoft revamped skype to look like snapchat"" OR ""Product/Service.Launch"" -is:retweet lang:en",50
msft03_product_service_launch_missing_date,microsoft surprises nobody with xbox one x price | Product/Service.Launch,,collected,x,,,,50,search/all,"""microsoft surprises nobody with xbox one x price"" OR ""Product/Service.Launch"" -is:retweet lang:en",50
msft04_product_service_launch_missing_date,microsoft ventures a look at redmond s latest 13 investments | Product/Service.Launch,,collected,x,,,,50,search/all,"""microsoft ventures a look at redmond s latest"" OR ""Product/Service.Launch"" -is:retweet lang:en",50
nflx02_product_service_cancellation_recall_missing_date,netflix can break hearts too | Product/Service.Cancellation/Recall,,no_results,x,,,,0,search/all,"""netflix can break hearts too"" OR ""Product/Service.Cancellation/Recall"" -is:retweet lang:en",0
nflx13_product_service_cancellation_recall_missing_date,netflix cuts ties with kevin spacey | Product/Service.Cancellation/Recall,,no_results,x,,,,0,search/all,"""netflix cuts ties with kevin spacey"" OR ""Product/Service.Cancellation/Recall"" -is:retweet lang:en",0
nflx00_salesvolume_increase_salesvolume_missing_date,netflix headed to 90 million users | SalesVolume.Increase_SalesVolume,,no_results,x,,,,0,search/all,"""netflix headed to 90 million users"" OR ""SalesVolume.Increase SalesVolume"" -is:retweet lang:en",0
nflx12_securityvalue_increase_securityvalue_missing_date,netflix raising 16 billion in bond market to fuel content acq | SecurityValue.Increase_SecurityValue,,no_results,x,,,,0,search/all,"""netflix raising 16 billion in bond market to"" OR ""SecurityValue.Increase SecurityValue"" -is:retweet lang:en",0
nflx01_revenue_increase_revenue_missing_date,netflix s stock is worth only about one third of where it trade | Revenue.Increase_Revenue,,collected,x,,,,9,search/all,"""netflix s stock is worth only about one"" OR ""Revenue.Increase Revenue"" -is:retweet lang:en",9
nflx11_salesvolume_increase_salesvolume_missing_date,netflix stock seesaws after third quarter subscriber beat | SalesVolume.Increase_SalesVolume,,collected,x,,,,1,search/all,"""netflix stock seesaws after third quarter subscriber beat"" OR ""SalesVolume.Increase SalesVolume"" -is:retweet lang:en",1
abbv02_salesvolume_decrease_salesvolume_missing_date,neupogen and enbrel could see falling revenues in 2017 | SalesVolume.Decrease_SalesVolume,,collected,x,,,,1,search/all,"""neupogen and enbrel could see falling revenues in"" OR ""SalesVolume.Decrease SalesVolume"" -is:retweet lang:en",1
wfc01_legal_conviction_settlement_missing_date,new york city bars wells fargo from banking work after scandals | Legal.Conviction/Settlement,,no_results,x,,,,0,search/all,"""new york city bars wells fargo from banking"" OR ""Legal.Conviction/Settlement"" -is:retweet lang:en",0
nem05_profit_loss_increase_profit_loss_missing_date,newmont barrick race for top gold crown comes down to a decimal | Profit/Loss.Increase_Profit/Loss,,no_results,x,,,,0,search/all,"""newmont barrick race for top gold crown comes"" OR ""Profit/Loss.Increase Profit/Loss"" -is:retweet lang:en",0
nem06_securityvalue_increase_securityvalue_missing_date,newmont mining is investors gold stock to buy | SecurityValue.Increase_SecurityValue,,collected,x,,,,15,search/all,"""newmont mining is investors gold stock to buy"" OR ""SecurityValue.Increase SecurityValue"" -is:retweet lang:en",15
nem02_rating_buyoutperform_missing_date,newmont mining ready to shine | Rating.BuyOutperform,,collected,x,,,,20,search/all,"""newmont mining ready to shine"" OR ""Rating.BuyOutperform"" -is:retweet lang:en",20
nem03_profit_loss_decrease_profit_loss_missing_date,newmont s lower margins understanding the analyst predictions | Profit/Loss.Decrease_Profit/Loss,,no_results,x,,,,0,search/all,"""newmont s lower margins understanding the analyst predictions"" OR ""Profit/Loss.Decrease Profit/Loss"" -is:retweet lang:en",0
amzn10_securityvalue_increase_securityvalue_missing_date,nokia amazon work signals public cloud telecom takeover says w | SecurityValue.Increase_SecurityValue,,collected,x,,,,45,search/all,"""nokia amazon work signals public cloud telecom takeover"" OR ""SecurityValue.Increase SecurityValue"" -is:retweet lang:en",45
amd09_product_service_launch_missing_date,nvidia and amd must brace for competition from a super powerful | Product/Service.Launch,,collected,x,,,,46,search/all,"""nvidia and amd must brace for competition from"" OR ""Product/Service.Launch"" -is:retweet lang:en",46
pg03_csr_brand_missing_date,pg ceo david taylor helps launch massive diversity initiative i | CSR/Brand,,collected,x,,,,32,search/all,"""pg ceo david taylor helps launch massive diversity"" OR ""CSR/Brand"" -is:retweet lang:en",32
pg02_product_service_cancellation_recall_missing_date,pg ceo says it is in ongoing constructive active talks wi | Product/Service.Cancellation/Recall,,no_results,x,,,,0,search/all,"""pg ceo says it is in ongoing constructive"" OR ""Product/Service.Cancellation/Recall"" -is:retweet lang:en",0
pg04_employment_start_missing_date,pg names vice chairman promotes two other top executives | Employment.Start,,collected,x,,,,50,search/all,"""pg names vice chairman promotes two other top"" OR ""Employment.Start"" -is:retweet lang:en",50
duk04_profit_loss_increase_profit_loss_missing_date,piedmont natural gas a money maker for duke energy in first full | Profit/Loss.Increase_Profit/Loss,,no_results,x,,,,0,search/all,"""piedmont natural gas a money maker for duke"" OR ""Profit/Loss.Increase Profit/Loss"" -is:retweet lang:en",0
ge07_macroeconomics_missing_date,pratt s 10 billion jet engine lags ge by 10 to 1 on new order | Macroeconomics,,collected,x,,,,50,search/all,"""pratt s 10 billion jet engine lags ge"" OR ""Macroeconomics"" -is:retweet lang:en",48
pg05_expense_decrease_expense_missing_date,procter gamble co s proxy fight what investors need to know | Expense.Decrease_Expense,,collected,x,,,,2,search/all,"""procter gamble co s proxy fight what investors"" OR ""Expense.Decrease Expense"" -is:retweet lang:en",2
pg01_product_service_launch_missing_date,razor wars continue gillette cut by old time rival | Product/Service.Launch,,collected,x,,,,50,search/all,"""razor wars continue gillette cut by old time"" OR ""Product/Service.Launch"" -is:retweet lang:en",50
ba10_securityvalue_increase_securityvalue_missing_date,reduce holdings on boeing and 3 other defense stocks pre earning | SecurityValue.Increase_SecurityValue,,collected,x,,,,25,search/all,"""reduce holdings on boeing and 3 other defense"" OR ""SecurityValue.Increase SecurityValue"" -is:retweet lang:en",25
duk01_expense_increase_expense_missing_date,regulators to duke energy do you still want the lee nuclear pl | Expense.Increase_Expense,,collected,x,,,,1,search/all,"""regulators to duke energy do you still want"" OR ""Expense.Increase Expense"" -is:retweet lang:en",1
amd11_product_service_launch_missing_date,reviews confirm with radeon rx vega amd re enters the performa | Product/Service.Launch,,collected,x,,,,45,search/all,"""reviews confirm with radeon rx vega amd re"" OR ""Product/Service.Launch"" -is:retweet lang:en",45
ba15_securityvalue_increase_securityvalue_missing_date,should boeing buy ge aviation | SecurityValue.Increase_SecurityValue,,collected,x,,,,12,search/all,"""should boeing buy ge aviation"" OR ""SecurityValue.Increase SecurityValue"" -is:retweet lang:en",12
dis10_product_service_launch_missing_date,stocks in red that might produce some green | Product/Service.Launch,,collected,x,,,,50,search/all,"""stocks in red that might produce some green"" OR ""Product/Service.Launch"" -is:retweet lang:en",50
aapl13_securityvalue_increase_securityvalue_missing_date,stocks mixed this california builder breaks out what to watc | SecurityValue.Increase_SecurityValue,,collected,x,,,,7,search/all,"""stocks mixed this california builder breaks out what"" OR ""SecurityValue.Increase SecurityValue"" -is:retweet lang:en",7
cvx04_securityvalue_increase_securityvalue_missing_date,strong crude oil no help for chevron exxon mobil | SecurityValue.Increase_SecurityValue,,collected,x,,,,12,search/all,"""strong crude oil no help for chevron exxon"" OR ""SecurityValue.Increase SecurityValue"" -is:retweet lang:en",12
aapl09_product_service_launch_missing_date,tech stocks this week iphone 8 rumors samsung s note return | Product/Service.Launch,,collected,x,,,,50,search/all,"""tech stocks this week iphone 8 rumors samsung"" OR ""Product/Service.Launch"" -is:retweet lang:en",50
abbv03_dividend_payment_missing_date,the 2 best dividend stocks in marijuana | Dividend.Payment,,collected,x,,,,50,search/all,"""the 2 best dividend stocks in marijuana"" OR ""Dividend.Payment"" -is:retweet lang:en",48
abbv13_securityvalue_increase_securityvalue_missing_date,the hot stock biggest loser abbvie wynn resorts | SecurityValue.Increase_SecurityValue,,collected,x,,,,8,search/all,"""the hot stock biggest loser abbvie wynn resorts"" OR ""SecurityValue.Increase SecurityValue"" -is:retweet lang:en",8
chk02_securityvalue_increase_securityvalue_missing_date,the hot stock chesapeake energy jumps 43 | SecurityValue.Increase_SecurityValue,,no_results,x,,,,0,search/all,"""the hot stock chesapeake energy jumps 43"" OR ""SecurityValue.Increase SecurityValue"" -is:retweet lang:en",0
amzn00_product_service_launch_missing_date,the world s largest retailers 2017 amazon alibaba are closi | Product/Service.Launch,,collected,x,,,,50,search/all,"""the world s largest retailers 2017 amazon alibaba"" OR ""Product/Service.Launch"" -is:retweet lang:en",50
f10_securityvalue_decrease_securityvalue_missing_date,these 3 auto stocks are hovering near buy points but gm tesl | SecurityValue.Decrease_SecurityValue,,no_results,x,,,,0,search/all,"""these 3 auto stocks are hovering near buy"" OR ""SecurityValue.Decrease SecurityValue"" -is:retweet lang:en",0
dis01_rating_maintain_missing_date,this hedge fund bought 250 million of disney stock should yo | Rating.Maintain,,collected,x,,,,50,search/all,"""this hedge fund bought 250 million of disney"" OR ""Rating.Maintain"" -is:retweet lang:en",46
aapl04_securityvalue_decrease_securityvalue_missing_date,three reasons apple s shares took a drubbing | SecurityValue.Decrease_SecurityValue,,collected,x,,,,45,search/all,"""three reasons apple s shares took a drubbing"" OR ""SecurityValue.Decrease SecurityValue"" -is:retweet lang:en",45
abbv12_rating_pricetarget_missing_date,top biotech stock near buy zone shows positive drug trial resu | Rating.PriceTarget,,collected,x,,,,26,search/all,"""top biotech stock near buy zone shows positive"" OR ""Rating.PriceTarget"" -is:retweet lang:en",26
f09_employment_start_missing_date,top ford execs leaving as hackett reshapes the automaker for the | Employment.Start,,collected,x,,,,50,search/all,"""top ford execs leaving as hackett reshapes the"" OR ""Employment.Start"" -is:retweet lang:en",50
ba12_securityvalue_increase_securityvalue_missing_date,underappreciated why boeing s astronomical rise might not | SecurityValue.Increase_SecurityValue,,collected,x,,,,11,search/all,"""underappreciated why boeing s astronomical rise might not"" OR ""SecurityValue.Increase SecurityValue"" -is:retweet lang:en",11
aal05_product_service_launch_missing_date,underdog brazilian carrier avianca brasil takes on american on m | Product/Service.Launch,,collected,x,,,,50,search/all,"""underdog brazilian carrier avianca brasil takes on american"" OR ""Product/Service.Launch"" -is:retweet lang:en",50
aal11_securityvalue_decrease_securityvalue_missing_date,us airlines are still too darn cheap and unpopular to boot | SecurityValue.Decrease_SecurityValue,,no_results,x,,,,0,search/all,"""us airlines are still too darn cheap and"" OR ""SecurityValue.Decrease SecurityValue"" -is:retweet lang:en",0
wmt03_facility_open_missing_date,wal mart s sam s club reinvents its private brand | Facility.Open,,collected,x,,,,50,search/all,"""wal mart s sam s club reinvents its"" OR ""Facility.Open"" -is:retweet lang:en",50
wmt07_product_service_launch_missing_date,walmart s meal kits are not the solution to fight amazon | Product/Service.Launch,,collected,x,,,,50,search/all,"""walmart s meal kits are not the solution"" OR ""Product/Service.Launch"" -is:retweet lang:en",50
wmt05_financialreport_miss_missing_date,walmart stock nears key support after earnings miss | FinancialReport.Miss,,collected,x,,,,9,search/all,"""walmart stock nears key support after earnings miss"" OR ""FinancialReport.Miss"" -is:retweet lang:en",9
wmt02_employment_compensation_missing_date,walmart taps store associates for last mile delivery program | Employment.Compensation,,collected,x,,,,50,search/all,"""walmart taps store associates for last mile delivery"" OR ""Employment.Compensation"" -is:retweet lang:en",48
celg03_product_service_launch_missing_date,waltham based dragonfly inks collaboration with celgene bags | Product/Service.Launch,,collected,x,,,,50,search/all,"""waltham based dragonfly inks collaboration with celgene bags"" OR ""Product/Service.Launch"" -is:retweet lang:en",50
chk00_rating_pricetarget_missing_date,was the merrill lynch downgrade of chesapeake justified | Rating.PriceTarget,,collected,x,,,,23,search/all,"""was the merrill lynch downgrade of chesapeake justified"" OR ""Rating.PriceTarget"" -is:retweet lang:en",23
fox03_revenue_increase_revenue_missing_date,weekend box office wonder woman opened even bigger than we | Revenue.Increase_Revenue,,collected,x,,,,19,search/all,"""weekend box office wonder woman opened even bigger"" OR ""Revenue.Increase Revenue"" -is:retweet lang:en",19
wfc03_employment_end_missing_date,wells fargo eliminates management roles in embattled community b | Employment.End,,collected,x,,,,50,search/all,"""wells fargo eliminates management roles in embattled community"" OR ""Employment.End"" -is:retweet lang:en",50
wfc00_legal_conviction_settlement_missing_date,wells fargo found liable in abusive tax shelter scheme | Legal.Conviction/Settlement,,collected,x,,,,50,search/all,"""wells fargo found liable in abusive tax shelter"" OR ""Legal.Conviction/Settlement"" -is:retweet lang:en",50
wfc02_legal_proceeding_missing_date,wells fargo s nyse wfc headaches mount as justice | Legal.Proceeding,,collected,x,,,,50,search/all,"""wells fargo s nyse wfc headaches mount as"" OR ""Legal.Proceeding"" -is:retweet lang:en",46
chk01_securityvalue_stable_securityvalue_missing_date,what are the short interest trends in chesapeake energy stock | SecurityValue.Stable_SecurityValue,,collected,x,,,,3,search/all,"""what are the short interest trends in chesapeake"" OR ""SecurityValue.Stable SecurityValue"" -is:retweet lang:en",3
kmi01_dividend_yieldraise_missing_date,what enterprise products could offer income investors | Dividend.YieldRaise,,no_results,x,,,,0,search/all,"""what enterprise products could offer income investors"" OR ""Dividend.YieldRaise"" -is:retweet lang:en",0
amd04_revenue_increase_revenue_missing_date,what impacted advanced micro devices stock in may 2017 | Revenue.Increase_Revenue,,no_results,x,,,,0,search/all,"""what impacted advanced micro devices stock in may"" OR ""Revenue.Increase Revenue"" -is:retweet lang:en",0
ge00_facility_open_missing_date,what s behind ge s move from the connecticut suburbs to boston | Facility.Open,,no_results,x,,,,0,search/all,"""what s behind ge s move from the"" OR ""Facility.Open"" -is:retweet lang:en",0
bac01_revenue_increase_revenue_missing_date,what to expect from bac and peers in 2017 | Revenue.Increase_Revenue,,no_results,x,,,,0,search/all,"""what to expect from bac and peers in"" OR ""Revenue.Increase Revenue"" -is:retweet lang:en",0
jnj06_revenue_increase_revenue_missing_date,what to expect from johnson johnson in 2018 | Revenue.Increase_Revenue,,no_results,x,,,,0,search/all,"""what to expect from johnson johnson in 2018"" OR ""Revenue.Increase Revenue"" -is:retweet lang:en",0
jnj05_financialreport_beat_missing_date,where s the tylenol jj disappoints and frustrates | FinancialReport.Beat,,no_results,x,,,,0,search/all,"""where s the tylenol jj disappoints and frustrates"" OR ""FinancialReport.Beat"" -is:retweet lang:en",0
abbv01_dividend_payment_missing_date,which big pharma is the best dividend stock | Dividend.Payment,,no_results,x,,,,0,search/all,"""which big pharma is the best dividend stock"" OR ""Dividend.Payment"" -is:retweet lang:en",0
gm00_product_service_launch_missing_date,who gets a for leadership tesla or gm | Product/Service.Launch,,no_results,x,,,,0,search/all,"""who gets a for leadership tesla or gm"" OR ""Product/Service.Launch"" -is:retweet lang:en",0
amd08_securityvalue_increase_securityvalue_missing_date,why advanced micro devices inc shares gained 115 in june | SecurityValue.Increase_SecurityValue,,no_results,x,,,,0,search/all,"""why advanced micro devices inc shares gained 115"" OR ""SecurityValue.Increase SecurityValue"" -is:retweet lang:en",0
amzn08_securityvalue_increase_securityvalue_missing_date,why amazoncom inc stock is up 35 this year | SecurityValue.Increase_SecurityValue,,no_results,x,,,,0,search/all,"""why amazoncom inc stock is up 35 this"" OR ""SecurityValue.Increase SecurityValue"" -is:retweet lang:en",0
amd01_profit_loss_increase_profit_loss_missing_date,why amd investors should nt lose faith | Profit/Loss.Increase_Profit/Loss,,no_results,x,,,,0,search/all,"""why amd investors should nt lose faith"" OR ""Profit/Loss.Increase Profit/Loss"" -is:retweet lang:en",0
nflx04_salesvolume_increase_salesvolume_missing_date,why analysts expect netflix s global membership base to grow | SalesVolume.Increase_SalesVolume,,no_results,x,,,,0,search/all,"""why analysts expect netflix s global membership base"" OR ""SalesVolume.Increase SalesVolume"" -is:retweet lang:en",0
wmt00_rating_buyoutperform_missing_date,why analysts opinion about walmart improved after 1q18 results | Rating.BuyOutperform,,no_results,x,,,,0,search/all,"""why analysts opinion about walmart improved after 1q18"" OR ""Rating.BuyOutperform"" -is:retweet lang:en",0
kmi04_product_service_launch_missing_date,why british columbia s election impacts kinder morgan | Product/Service.Launch,,no_results,x,,,,0,search/all,"""why british columbia s election impacts kinder morgan"" OR ""Product/Service.Launch"" -is:retweet lang:en",0
celg04_rating_upgrade_missing_date,why celgene is bucking biotech weakness today | Rating.Upgrade,,no_results,x,,,,0,search/all,"""why celgene is bucking biotech weakness today"" OR ""Rating.Upgrade"" -is:retweet lang:en",0
ge03_salesvolume_increase_salesvolume_missing_date,why ge will not be impacted by us withdrawal from paris climat | SalesVolume.Increase_SalesVolume,,no_results,x,,,,0,search/all,"""why ge will not be impacted by us"" OR ""SalesVolume.Increase SalesVolume"" -is:retweet lang:en",0
kmi02_dividend_yieldraise_missing_date,why long term investors should prefer kinder morgan inc over ene | Dividend.YieldRaise,,no_results,x,,,,0,search/all,"""why long term investors should prefer kinder morgan"" OR ""Dividend.YieldRaise"" -is:retweet lang:en",0
celg00_securityvalue_decrease_securityvalue_missing_date,why shares of biopharma giant celgene lrb celg rrb tumbled t | SecurityValue.Decrease_SecurityValue,,no_results,x,,,,0,search/all,"""why shares of biopharma giant celgene lrb celg"" OR ""SecurityValue.Decrease SecurityValue"" -is:retweet lang:en",0
cmg02_rating_buyoutperform_missing_date,why you re smart to buy chipotle | Rating.BuyOutperform,,no_results,x,,,,0,search/all,"""why you re smart to buy chipotle"" OR ""Rating.BuyOutperform"" -is:retweet lang:en",0
t00_expense_increase_expense_missing_date,why you should watch att s costs carefully | Expense.Increase_Expense,,no_results,x,,,,0,search/all,"""why you should watch att s costs carefully"" OR ""Expense.Increase Expense"" -is:retweet lang:en",0
ge08_financialreport_miss_missing_date,will general electric sell more assets to maintain its dividend | FinancialReport.Miss,,no_results,x,,,,0,search/all,"""will general electric sell more assets to maintain"" OR ""FinancialReport.Miss"" -is:retweet lang:en",0
gm09_employment_end_missing_date,will gm s top selling suv take a hit from canadian strike | Employment.End,,no_results,x,,,,0,search/all,"""will gm s top selling suv take a"" OR ""Employment.End"" -is:retweet lang:en",0
t12_securityvalue_decrease_securityvalue_missing_date,will the att time warner deal go through | SecurityValue.Decrease_SecurityValue,,no_results,x,,,,0,search/all,"""will the att time warner deal go through"" OR ""SecurityValue.Decrease SecurityValue"" -is:retweet lang:en",0
aapl03_product_service_launch_missing_date,will the iphone 8 help apple boost its market share | Product/Service.Launch,,no_results,x,,,,0,search/all,"""will the iphone 8 help apple boost its"" OR ""Product/Service.Launch"" -is:retweet lang:en",0
goog12_product_service_launch_missing_date,with its india first approach google is trying to woo the comm | Product/Service.Launch,,no_results,x,,,,0,search/all,"""with its india first approach google is trying"" OR ""Product/Service.Launch"" -is:retweet lang:en",0
goog10_product_service_launch_missing_date,worse than krack google and microsoft hit by massive 5 ye | Product/Service.Launch,,no_results,x,,,,0,search/all,"""worse than krack google and microsoft hit by"" OR ""Product/Service.Launch"" -is:retweet lang:en",0
